{"inputUnits":[34],"outputUnits":3,"inputs":{"0":{"dtype":"number","min":341.52192887274606,"max":349.9557596247563},"1":{"dtype":"number","min":201.0372087504664,"max":223.28976131089712},"2":{"dtype":"number","min":352.77915315088933,"max":363.09543364229256},"3":{"dtype":"number","min":184.41935161865706,"max":206.26817253365618},"4":{"dtype":"number","min":325.2658134594298,"max":334.5834302995172},"5":{"dtype":"number","min":185.73201259442004,"max":209.98520819532013},"6":{"dtype":"number","min":369.566222073739,"max":379.57783585635775},"7":{"dtype":"number","min":190.2326064081917,"max":215.31138756586563},"8":{"dtype":"number","min":301.7638214289793,"max":314.54913371720045},"9":{"dtype":"number","min":195.79285917226332,"max":224.891716137267},"10":{"dtype":"number","min":399.47907345569155,"max":419.1401762339571},"11":{"dtype":"number","min":262.0783461185924,"max":288.12506841172484},"12":{"dtype":"number","min":269.3814556872868,"max":293.7168566014102},"13":{"dtype":"number","min":262.284793370416,"max":292.6255497923139},"14":{"dtype":"number","min":446.4293618601897,"max":504.14898907696755},"15":{"dtype":"number","min":189.62409958272417,"max":397.46553625512075},"16":{"dtype":"number","min":192.625024509244,"max":247.87867257934332},"17":{"dtype":"number","min":224.27441334863852,"max":409.3205288000274},"18":{"dtype":"number","min":394.3989072208516,"max":591.3640274731969},"19":{"dtype":"number","min":81.27553006594175,"max":446.5108878152412},"20":{"dtype":"number","min":86.4587104901468,"max":261.0091336196394},"21":{"dtype":"number","min":116.24027244761209,"max":450.1423368398209},"22":{"dtype":"number","min":386.02165237040083,"max":412.2875363831399},"23":{"dtype":"number","min":445.52082441006485,"max":509.00387948019454},"24":{"dtype":"number","min":265.8326837193896,"max":306.2540945904529},"25":{"dtype":"number","min":447.54960682889407,"max":500.0177906177662},"26":{"dtype":"number","min":361.5235316404822,"max":442.85066452175084},"27":{"dtype":"number","min":537.4767116078159,"max":560.0490636992872},"28":{"dtype":"number","min":259.2832110220926,"max":321.95504082573785},"29":{"dtype":"number","min":546.0134834155701,"max":566.47066766988},"30":{"dtype":"number","min":356.6770908288788,"max":437.64823229456965},"31":{"dtype":"number","min":554.2980133116129,"max":561.0343176114861},"32":{"dtype":"number","min":258.8328315035874,"max":318.0209029348273},"33":{"dtype":"number","min":554.5129403454519,"max":560.2943700005901}},"outputs":{"0":{"dtype":"string","min":0,"max":1,"uniqueValues":["u","t","w"],"legend":{"u":[1,0,0],"t":[0,1,0],"w":[0,0,1]}}},"isNormalized":true}