{
    "inputUnits": [
        34
    ],
    "outputUnits": 3,
    "inputs": {
        "0": {
            "dtype": "number",
            "min": 278.80936576144273,
            "max": 317.7883881388584
        },
        "1": {
            "dtype": "number",
            "min": 173.92976697657772,
            "max": 188.9137943260386
        },
        "2": {
            "dtype": "number",
            "min": 293.06644789191944,
            "max": 327.164563035872
        },
        "3": {
            "dtype": "number",
            "min": 161.97049101890875,
            "max": 175.80878185249907
        },
        "4": {
            "dtype": "number",
            "min": 270.78253554554243,
            "max": 305.8731590702287
        },
        "5": {
            "dtype": "number",
            "min": 162.67662420142696,
            "max": 176.72065214339284
        },
        "6": {
            "dtype": "number",
            "min": 314.12049351147505,
            "max": 339.2611076492547
        },
        "7": {
            "dtype": "number",
            "min": 169.54270688181498,
            "max": 182.5466808891668
        },
        "8": {
            "dtype": "number",
            "min": 260.0753167730558,
            "max": 290.99562081677175
        },
        "9": {
            "dtype": "number",
            "min": 166.03018539458455,
            "max": 184.3310445744624
        },
        "10": {
            "dtype": "number",
            "min": 339.4608112245972,
            "max": 371.4027949104532
        },
        "11": {
            "dtype": "number",
            "min": 220.8289496289824,
            "max": 239.3530363785593
        },
        "12": {
            "dtype": "number",
            "min": 225.0290696290966,
            "max": 269.77689508806196
        },
        "13": {
            "dtype": "number",
            "min": 217.47469836973073,
            "max": 244.4254015946713
        },
        "14": {
            "dtype": "number",
            "min": 399.10625970851606,
            "max": 451.81080481694687
        },
        "15": {
            "dtype": "number",
            "min": 149.7387957061708,
            "max": 285.52298027172424
        },
        "16": {
            "dtype": "number",
            "min": 131.45434641698648,
            "max": 214.18609381186798
        },
        "17": {
            "dtype": "number",
            "min": 150.97431621588692,
            "max": 295.68120826289896
        },
        "18": {
            "dtype": "number",
            "min": 347.9694472047088,
            "max": 526.5291799206947
        },
        "19": {
            "dtype": "number",
            "min": 99.15116129795246,
            "max": 238.50542213484556
        },
        "20": {
            "dtype": "number",
            "min": 31.311501545748047,
            "max": 266.40238979406524
        },
        "21": {
            "dtype": "number",
            "min": 93.13634444863243,
            "max": 233.6185798868101
        },
        "22": {
            "dtype": "number",
            "min": 303.5971836737025,
            "max": 373.0600725140488
        },
        "23": {
            "dtype": "number",
            "min": 372.423039783976,
            "max": 435.28722335488237
        },
        "24": {
            "dtype": "number",
            "min": 246.16714388306377,
            "max": 304.0582465753685
        },
        "25": {
            "dtype": "number",
            "min": 393.4373762640107,
            "max": 447.59601079929644
        },
        "26": {
            "dtype": "number",
            "min": 293.29855459707755,
            "max": 377.42966099789265
        },
        "27": {
            "dtype": "number",
            "min": 477.34990690651455,
            "max": 554.3962278607761
        },
        "28": {
            "dtype": "number",
            "min": 242.9014962179619,
            "max": 304.888958252429
        },
        "29": {
            "dtype": "number",
            "min": 515.0355351319787,
            "max": 559.5702573988173
        },
        "30": {
            "dtype": "number",
            "min": 274.1056047406113,
            "max": 377.87634345755475
        },
        "31": {
            "dtype": "number",
            "min": 534.0733908491525,
            "max": 558.0233844957853
        },
        "32": {
            "dtype": "number",
            "min": 235.16722056368405,
            "max": 320.86456670630974
        },
        "33": {
            "dtype": "number",
            "min": 551.0466161062378,
            "max": 558.1429171794571
        }
    },
    "outputs": {
        "0": {
            "dtype": "string",
            "min": 0,
            "max": 1,
            "uniqueValues": [
                "w",
                "t",
                "h"
            ],
            "legend": {
                "w": [
                    1,
                    0,
                    0
                ],
                "t": [
                    0,
                    1,
                    0
                ],
                "h": [
                    0,
                    0,
                    1
                ]
            }
        }
    },
    "isNormalized": true
}